INSERT INTO bd_gts.telephone_exchanges (Telephone_exchange_ID, exchange_name, exchange_type, installing_possibilities_installing_possibilities_id, installing_possibilities_installing_possibilitiy_id, installing_possibilities_installing_possibility_id) VALUES (1, 'Новосибирская АТС', 'городская', null, null, null);
INSERT INTO bd_gts.telephone_exchanges (Telephone_exchange_ID, exchange_name, exchange_type, installing_possibilities_installing_possibilities_id, installing_possibilities_installing_possibilitiy_id, installing_possibilities_installing_possibility_id) VALUES (2, 'НПО Сибсельмаш', 'учрежденческая', null, null, null);
INSERT INTO bd_gts.telephone_exchanges (Telephone_exchange_ID, exchange_name, exchange_type, installing_possibilities_installing_possibilities_id, installing_possibilities_installing_possibilitiy_id, installing_possibilities_installing_possibility_id) VALUES (3, 'ГУ МВД по НСО', 'ведомственная', null, null, null);

INSERT INTO bd_gts.connection_prices (Connection_price_ID, Price_name, Price) VALUES (1, 'Стандартное подключение', 1000.00);
INSERT INTO bd_gts.connection_prices (Connection_price_ID, Price_name, Price) VALUES (2, 'Подключение на межгород', 1200.00);

INSERT INTO bd_gts.long_distance_call_prices (Long_distance_call_price_ID, Price_name, Price_per_minute) VALUES (1, 'Стандартная цена', 3.00);

INSERT INTO bd_gts.phone_types (Phone_type_ID, Type_name, phones_phone_id) VALUES (1, 'Основной', null);
INSERT INTO bd_gts.phone_types (Phone_type_ID, Type_name, phones_phone_id) VALUES (2, 'Параллельный', null);
INSERT INTO bd_gts.phone_types (Phone_type_ID, Type_name, phones_phone_id) VALUES (3, 'Спаренный', null);

INSERT INTO bd_gts.subscription_fees (Subscription_fee_ID, Phone_number_type_ID, Is_deadhead, Has_long_distance_calls, Subscription_fee) VALUES (1, 1, 0, 0, 300.00);
INSERT INTO bd_gts.subscription_fees (Subscription_fee_ID, Phone_number_type_ID, Is_deadhead, Has_long_distance_calls, Subscription_fee) VALUES (2, 1, 0, 1, 400.00);
INSERT INTO bd_gts.subscription_fees (Subscription_fee_ID, Phone_number_type_ID, Is_deadhead, Has_long_distance_calls, Subscription_fee) VALUES (3, 1, 1, 0, 270.00);
INSERT INTO bd_gts.subscription_fees (Subscription_fee_ID, Phone_number_type_ID, Is_deadhead, Has_long_distance_calls, Subscription_fee) VALUES (4, 1, 1, 1, 360.00);
INSERT INTO bd_gts.subscription_fees (Subscription_fee_ID, Phone_number_type_ID, Is_deadhead, Has_long_distance_calls, Subscription_fee) VALUES (5, 2, 0, 0, 400.00);
INSERT INTO bd_gts.subscription_fees (Subscription_fee_ID, Phone_number_type_ID, Is_deadhead, Has_long_distance_calls, Subscription_fee) VALUES (6, 2, 0, 1, 500.00);
INSERT INTO bd_gts.subscription_fees (Subscription_fee_ID, Phone_number_type_ID, Is_deadhead, Has_long_distance_calls, Subscription_fee) VALUES (7, 2, 1, 0, 360.00);
INSERT INTO bd_gts.subscription_fees (Subscription_fee_ID, Phone_number_type_ID, Is_deadhead, Has_long_distance_calls, Subscription_fee) VALUES (8, 2, 1, 1, 450.00);
INSERT INTO bd_gts.subscription_fees (Subscription_fee_ID, Phone_number_type_ID, Is_deadhead, Has_long_distance_calls, Subscription_fee) VALUES (9, 3, 0, 0, 550.00);
INSERT INTO bd_gts.subscription_fees (Subscription_fee_ID, Phone_number_type_ID, Is_deadhead, Has_long_distance_calls, Subscription_fee) VALUES (10, 3, 0, 1, 650.00);

INSERT INTO bd_gts.phone_numbers (Phone_number_ID, Phone_number, TELEPHONE_EXCHANGE_ID, phones_phone_id) VALUES (1, '317-21-14', 1, null);
INSERT INTO bd_gts.phone_numbers (Phone_number_ID, Phone_number, TELEPHONE_EXCHANGE_ID, phones_phone_id) VALUES (2, '313-26-80', 1, null);
INSERT INTO bd_gts.phone_numbers (Phone_number_ID, Phone_number, TELEPHONE_EXCHANGE_ID, phones_phone_id) VALUES (3, '380-93-97', 1, null);
INSERT INTO bd_gts.phone_numbers (Phone_number_ID, Phone_number, TELEPHONE_EXCHANGE_ID, phones_phone_id) VALUES (4, '321-13-10', 1, null);
INSERT INTO bd_gts.phone_numbers (Phone_number_ID, Phone_number, TELEPHONE_EXCHANGE_ID, phones_phone_id) VALUES (5, '357-61-98', 1, null);
INSERT INTO bd_gts.phone_numbers (Phone_number_ID, Phone_number, TELEPHONE_EXCHANGE_ID, phones_phone_id) VALUES (6, '324-79-66', 1, null);
INSERT INTO bd_gts.phone_numbers (Phone_number_ID, Phone_number, TELEPHONE_EXCHANGE_ID, phones_phone_id) VALUES (7, '365-79-24', 1, null);
INSERT INTO bd_gts.phone_numbers (Phone_number_ID, Phone_number, TELEPHONE_EXCHANGE_ID, phones_phone_id) VALUES (8, '352-20-95', 1, null);
INSERT INTO bd_gts.phone_numbers (Phone_number_ID, Phone_number, TELEPHONE_EXCHANGE_ID, phones_phone_id) VALUES (9, '317-25-64', 1, null);
INSERT INTO bd_gts.phone_numbers (Phone_number_ID, Phone_number, TELEPHONE_EXCHANGE_ID, phones_phone_id) VALUES (10, '374-88-38', 1, null);

INSERT INTO bd_gts.clients (Client_ID, Second_name, First_name, Middle_name, Gender, Birth_date, Is_deadhead) VALUES (1, 'Исаков', 'Бронислав', 'Давидович', 'M', '1980-02-01', 1);
INSERT INTO bd_gts.clients (Client_ID, Second_name, First_name, Middle_name, Gender, Birth_date, Is_deadhead) VALUES (2, 'Петров', 'Корней', 'Владиславович', 'M', '1975-11-09', 0);
INSERT INTO bd_gts.clients (Client_ID, Second_name, First_name, Middle_name, Gender, Birth_date, Is_deadhead) VALUES (3, 'Кузьмин', 'Никифор', 'Донатович', 'M', '2000-04-28', 0);
INSERT INTO bd_gts.clients (Client_ID, Second_name, First_name, Middle_name, Gender, Birth_date, Is_deadhead) VALUES (4, 'Самсонов', 'Мирослав', 'Михаилович', 'M', '1953-07-17', 1);
INSERT INTO bd_gts.clients (Client_ID, Second_name, First_name, Middle_name, Gender, Birth_date, Is_deadhead) VALUES (5, 'Ершов', 'Арсений', 'Михайлович', 'M', '1976-12-11', 0);
INSERT INTO bd_gts.clients (Client_ID, Second_name, First_name, Middle_name, Gender, Birth_date, Is_deadhead) VALUES (6, 'Николаева', 'Юстина', 'Ростиславовна', 'F', '1999-07-12', 0);
INSERT INTO bd_gts.clients (Client_ID, Second_name, First_name, Middle_name, Gender, Birth_date, Is_deadhead) VALUES (7, 'Зимина', 'Зоя', 'Дмитрьевна', 'F', '2002-06-07', 0);
INSERT INTO bd_gts.clients (Client_ID, Second_name, First_name, Middle_name, Gender, Birth_date, Is_deadhead) VALUES (8, 'Филиппова', 'Мила', 'Валерьевна', 'F', '1985-05-13', 0);
INSERT INTO bd_gts.clients (Client_ID, Second_name, First_name, Middle_name, Gender, Birth_date, Is_deadhead) VALUES (9, 'Некрасова', 'Мия', 'Васильевна', 'F', '2000-04-07', 1);
INSERT INTO bd_gts.clients (Client_ID, Second_name, First_name, Middle_name, Gender, Birth_date, Is_deadhead) VALUES (10, 'Орехова', 'Елена', 'Константиновна', 'F', '1987-11-11', 0);
INSERT INTO bd_gts.clients (Client_ID, Second_name, First_name, Middle_name, Gender, Birth_date, Is_deadhead) VALUES (10, 'Саврова', 'Анастасия', 'Михайловна', 'F', '2000-11-29', 0);


INSERT INTO bd_gts.callers (Caller_ID, Telephone_exchange_ID, Client_ID, Is_blocked, Has_long_distance_calls, balances_balance_id) VALUES (1, 1, 1, 0, 1, null);
INSERT INTO bd_gts.callers (Caller_ID, Telephone_exchange_ID, Client_ID, Is_blocked, Has_long_distance_calls, balances_balance_id) VALUES (2, 1, 2, 0, 1, null);
INSERT INTO bd_gts.callers (Caller_ID, Telephone_exchange_ID, Client_ID, Is_blocked, Has_long_distance_calls, balances_balance_id) VALUES (3, 1, 3, 1, 0, null);
INSERT INTO bd_gts.callers (Caller_ID, Telephone_exchange_ID, Client_ID, Is_blocked, Has_long_distance_calls, balances_balance_id) VALUES (4, 1, 4, 0, 1, null);
INSERT INTO bd_gts.callers (Caller_ID, Telephone_exchange_ID, Client_ID, Is_blocked, Has_long_distance_calls, balances_balance_id) VALUES (5, 1, 5, 0, 1, null);
INSERT INTO bd_gts.callers (Caller_ID, Telephone_exchange_ID, Client_ID, Is_blocked, Has_long_distance_calls, balances_balance_id) VALUES (6, 1, 6, 0, 0, null);
INSERT INTO bd_gts.callers (Caller_ID, Telephone_exchange_ID, Client_ID, Is_blocked, Has_long_distance_calls, balances_balance_id) VALUES (7, 1, 7, 1, 1, null);
INSERT INTO bd_gts.callers (Caller_ID, Telephone_exchange_ID, Client_ID, Is_blocked, Has_long_distance_calls, balances_balance_id) VALUES (8, 1, 8, 0, 1, null);
INSERT INTO bd_gts.callers (Caller_ID, Telephone_exchange_ID, Client_ID, Is_blocked, Has_long_distance_calls, balances_balance_id) VALUES (9, 1, 9, 0, 0, null);
INSERT INTO bd_gts.callers (Caller_ID, Telephone_exchange_ID, Client_ID, Is_blocked, Has_long_distance_calls, balances_balance_id) VALUES (10, 1, 10, 0, 1, null);

INSERT INTO bd_gts.address (Address_ID, Zip_code, City, Region, Street, Building_number, installing_possibilities_installing_possibilities_id, installing_possibilities_installing_possibilitiy_id, installing_possibilities_installing_possibility_id) VALUES (1, 6, 'hbxxg', 'xh', 'xgxg', 1, null, null, null);
INSERT INTO bd_gts.address (Address_ID, Zip_code, City, Region, Street, Building_number, installing_possibilities_installing_possibilities_id, installing_possibilities_installing_possibilitiy_id, installing_possibilities_installing_possibility_id) VALUES (2, 630008, 'Новосибирск', 'Октябрьский район', 'Кирова', 89, null, null, null);
INSERT INTO bd_gts.address (Address_ID, Zip_code, City, Region, Street, Building_number, installing_possibilities_installing_possibilities_id, installing_possibilities_installing_possibilitiy_id, installing_possibilities_installing_possibility_id) VALUES (3, 630008, 'Новосибирск', 'Октябрьский район', 'Кирова', 90, null, null, null);
INSERT INTO bd_gts.address (Address_ID, Zip_code, City, Region, Street, Building_number, installing_possibilities_installing_possibilities_id, installing_possibilities_installing_possibilitiy_id, installing_possibilities_installing_possibility_id) VALUES (4, 630008, 'Новосибирск', 'Октябрьский район', 'Кирова', 91, null, null, null);
INSERT INTO bd_gts.address (Address_ID, Zip_code, City, Region, Street, Building_number, installing_possibilities_installing_possibilities_id, installing_possibilities_installing_possibilitiy_id, installing_possibilities_installing_possibility_id) VALUES (5, 630008, 'Новосибирск', 'Октябрьский район', 'Ленинградская', 1, null, null, null);
INSERT INTO bd_gts.address (Address_ID, Zip_code, City, Region, Street, Building_number, installing_possibilities_installing_possibilities_id, installing_possibilities_installing_possibilitiy_id, installing_possibilities_installing_possibility_id) VALUES (6, 630008, 'Новосибирск', 'Октябрьский район', 'Ленинградская', 2, null, null, null);
INSERT INTO bd_gts.address (Address_ID, Zip_code, City, Region, Street, Building_number, installing_possibilities_installing_possibilities_id, installing_possibilities_installing_possibilitiy_id, installing_possibilities_installing_possibility_id) VALUES (7, 630008, 'Новосибирск', 'Октябрьский район', 'Ленинградская', 3, null, null, null);
INSERT INTO bd_gts.address (Address_ID, Zip_code, City, Region, Street, Building_number, installing_possibilities_installing_possibilities_id, installing_possibilities_installing_possibilitiy_id, installing_possibilities_installing_possibility_id) VALUES (8, 630008, 'Новосибирск', 'Октябрьский район', 'Ленинградская', 4, null, null, null);
INSERT INTO bd_gts.address (Address_ID, Zip_code, City, Region, Street, Building_number, installing_possibilities_installing_possibilities_id, installing_possibilities_installing_possibilitiy_id, installing_possibilities_installing_possibility_id) VALUES (9, 630008, 'Новосибирск', 'Октябрьский район', 'Ленинградская', 5, null, null, null);
INSERT INTO bd_gts.address (Address_ID, Zip_code, City, Region, Street, Building_number, installing_possibilities_installing_possibilities_id, installing_possibilities_installing_possibilitiy_id, installing_possibilities_installing_possibility_id) VALUES (10, 630008, 'Новосибирск', 'Октябрьский район', 'Ленинградская', 6, null, null, null);
INSERT INTO bd_gts.address (Address_ID, Zip_code, City, Region, Street, Building_number, installing_possibilities_installing_possibilities_id, installing_possibilities_installing_possibilitiy_id, installing_possibilities_installing_possibility_id) VALUES (11, 630008, 'Новосибирск', 'Октябрьский район', 'Ленинградская', 7, null, null, null);
INSERT INTO bd_gts.address (Address_ID, Zip_code, City, Region, Street, Building_number, installing_possibilities_installing_possibilities_id, installing_possibilities_installing_possibilitiy_id, installing_possibilities_installing_possibility_id) VALUES (12, 630008, 'Новосибирск', 'Октябрьский район', 'Ленинградская', 8, null, null, null);
INSERT INTO bd_gts.address (Address_ID, Zip_code, City, Region, Street, Building_number, installing_possibilities_installing_possibilities_id, installing_possibilities_installing_possibilitiy_id, installing_possibilities_installing_possibility_id) VALUES (13, 630008, 'Новосибирск', 'Октябрьский район', 'Ленинградская', 9, null, null, null);
INSERT INTO bd_gts.address (Address_ID, Zip_code, City, Region, Street, Building_number, installing_possibilities_installing_possibilities_id, installing_possibilities_installing_possibilitiy_id, installing_possibilities_installing_possibility_id) VALUES (14, 630008, 'Новосибирск', 'Октябрьский район', 'Ленинградская', 10, null, null, null);
INSERT INTO bd_gts.address (Address_ID, Zip_code, City, Region, Street, Building_number, installing_possibilities_installing_possibilities_id, installing_possibilities_installing_possibilitiy_id, installing_possibilities_installing_possibility_id) VALUES (15, 630008, 'Новосибирск', 'Октябрьский район', 'Ленинградская', 11, null, null, null);
INSERT INTO bd_gts.address (Address_ID, Zip_code, City, Region, Street, Building_number, installing_possibilities_installing_possibilities_id, installing_possibilities_installing_possibilitiy_id, installing_possibilities_installing_possibility_id) VALUES (16, 630008, 'Новосибирск', 'Октябрьский район', 'Ленинградская', 12, null, null, null);
INSERT INTO bd_gts.address (Address_ID, Zip_code, City, Region, Street, Building_number, installing_possibilities_installing_possibilities_id, installing_possibilities_installing_possibilitiy_id, installing_possibilities_installing_possibility_id) VALUES (17, 630008, 'Новосибирск', 'Октябрьский район', 'Ленинградская', 13, null, null, null);
INSERT INTO bd_gts.address (Address_ID, Zip_code, City, Region, Street, Building_number, installing_possibilities_installing_possibilities_id, installing_possibilities_installing_possibilitiy_id, installing_possibilities_installing_possibility_id) VALUES (18, 630008, 'Новосибирск', 'Октябрьский район', 'Ленинградская', 14, null, null, null);
INSERT INTO bd_gts.address (Address_ID, Zip_code, City, Region, Street, Building_number, installing_possibilities_installing_possibilities_id, installing_possibilities_installing_possibilitiy_id, installing_possibilities_installing_possibility_id) VALUES (19, 630008, 'Новосибирск', 'Октябрьский район', 'Ленинградская', 15, null, null, null);
INSERT INTO bd_gts.address (Address_ID, Zip_code, City, Region, Street, Building_number, installing_possibilities_installing_possibilities_id, installing_possibilities_installing_possibilitiy_id, installing_possibilities_installing_possibility_id) VALUES (20, 630008, 'Новосибирск', 'Октябрьский район', 'Ленинградская', 16, null, null, null);
INSERT INTO bd_gts.address (Address_ID, Zip_code, City, Region, Street, Building_number, installing_possibilities_installing_possibilities_id, installing_possibilities_installing_possibilitiy_id, installing_possibilities_installing_possibility_id) VALUES (21, 630008, 'Новосибирск', 'Октябрьский район', 'Ленинградская', 17, null, null, null);
INSERT INTO bd_gts.address (Address_ID, Zip_code, City, Region, Street, Building_number, installing_possibilities_installing_possibilities_id, installing_possibilities_installing_possibilitiy_id, installing_possibilities_installing_possibility_id) VALUES (22, 630008, 'Новосибирск', 'Октябрьский район', 'Ленинградская', 18, null, null, null);
INSERT INTO bd_gts.address (Address_ID, Zip_code, City, Region, Street, Building_number, installing_possibilities_installing_possibilities_id, installing_possibilities_installing_possibilitiy_id, installing_possibilities_installing_possibility_id) VALUES (23, 630008, 'Новосибирск', 'Октябрьский район', 'Ленинградская', 19, null, null, null);
INSERT INTO bd_gts.address (Address_ID, Zip_code, City, Region, Street, Building_number, installing_possibilities_installing_possibilities_id, installing_possibilities_installing_possibilitiy_id, installing_possibilities_installing_possibility_id) VALUES (24, 630008, 'Новосибирск', 'Октябрьский район', 'Ленинградская', 20, null, null, null);
INSERT INTO bd_gts.address (Address_ID, Zip_code, City, Region, Street, Building_number, installing_possibilities_installing_possibilities_id, installing_possibilities_installing_possibilitiy_id, installing_possibilities_installing_possibility_id) VALUES (25, 630091, 'Новосибирск', 'Центральный район', 'Трудовая', 23, null, null, null);
INSERT INTO bd_gts.address (Address_ID, Zip_code, City, Region, Street, Building_number, installing_possibilities_installing_possibilities_id, installing_possibilities_installing_possibilitiy_id, installing_possibilities_installing_possibility_id) VALUES (26, 630091, 'Новосибирск', 'Центральный район', 'Трудовая', 24, null, null, null);
INSERT INTO bd_gts.address (Address_ID, Zip_code, City, Region, Street, Building_number, installing_possibilities_installing_possibilities_id, installing_possibilities_installing_possibilitiy_id, installing_possibilities_installing_possibility_id) VALUES (27, 630091, 'Новосибирск', 'Центральный район', 'Трудовая', 25, null, null, null);
INSERT INTO bd_gts.address (Address_ID, Zip_code, City, Region, Street, Building_number, installing_possibilities_installing_possibilities_id, installing_possibilities_installing_possibilitiy_id, installing_possibilities_installing_possibility_id) VALUES (28, 630091, 'Новосибирск', 'Центральный район', 'Трудовая', 26, null, null, null);
INSERT INTO bd_gts.address (Address_ID, Zip_code, City, Region, Street, Building_number, installing_possibilities_installing_possibilities_id, installing_possibilities_installing_possibilitiy_id, installing_possibilities_installing_possibility_id) VALUES (29, 630091, 'Новосибирск', 'Центральный район', 'Трудовая', 27, null, null, null);
INSERT INTO bd_gts.address (Address_ID, Zip_code, City, Region, Street, Building_number, installing_possibilities_installing_possibilities_id, installing_possibilities_installing_possibilitiy_id, installing_possibilities_installing_possibility_id) VALUES (30, 630091, 'Новосибирск', 'Центральный район', 'Трудовая', 28, null, null, null);
INSERT INTO bd_gts.address (Address_ID, Zip_code, City, Region, Street, Building_number, installing_possibilities_installing_possibilities_id, installing_possibilities_installing_possibilitiy_id, installing_possibilities_installing_possibility_id) VALUES (31, 630091, 'Новосибирск', 'Центральный район', 'Трудовая', 29, null, null, null);
INSERT INTO bd_gts.address (Address_ID, Zip_code, City, Region, Street, Building_number, installing_possibilities_installing_possibilities_id, installing_possibilities_installing_possibilitiy_id, installing_possibilities_installing_possibility_id) VALUES (32, 630091, 'Новосибирск', 'Центральный район', 'Трудовая', 30, null, null, null);
INSERT INTO bd_gts.address (Address_ID, Zip_code, City, Region, Street, Building_number, installing_possibilities_installing_possibilities_id, installing_possibilities_installing_possibilitiy_id, installing_possibilities_installing_possibility_id) VALUES (33, 630091, 'Новосибирск', 'Центральный район', 'Трудовая', 31, null, null, null);
INSERT INTO bd_gts.address (Address_ID, Zip_code, City, Region, Street, Building_number, installing_possibilities_installing_possibilities_id, installing_possibilities_installing_possibilitiy_id, installing_possibilities_installing_possibility_id) VALUES (34, 630091, 'Новосибирск', 'Центральный район', 'Трудовая', 32, null, null, null);
INSERT INTO bd_gts.address (Address_ID, Zip_code, City, Region, Street, Building_number, installing_possibilities_installing_possibilities_id, installing_possibilities_installing_possibilitiy_id, installing_possibilities_installing_possibility_id) VALUES (35, 630091, 'Новосибирск', 'Центральный район', 'Трудовая', 33, null, null, null);
INSERT INTO bd_gts.address (Address_ID, Zip_code, City, Region, Street, Building_number, installing_possibilities_installing_possibilities_id, installing_possibilities_installing_possibilitiy_id, installing_possibilities_installing_possibility_id) VALUES (36, 630091, 'Новосибирск', 'Центральный район', 'Трудовая', 34, null, null, null);
INSERT INTO bd_gts.address (Address_ID, Zip_code, City, Region, Street, Building_number, installing_possibilities_installing_possibilities_id, installing_possibilities_installing_possibilitiy_id, installing_possibilities_installing_possibility_id) VALUES (37, 630091, 'Новосибирск', 'Центральный район', 'Трудовая', 35, null, null, null);
INSERT INTO bd_gts.address (Address_ID, Zip_code, City, Region, Street, Building_number, installing_possibilities_installing_possibilities_id, installing_possibilities_installing_possibilitiy_id, installing_possibilities_installing_possibility_id) VALUES (38, 630091, 'Новосибирск', 'Центральный район', 'Трудовая', 36, null, null, null);
INSERT INTO bd_gts.address (Address_ID, Zip_code, City, Region, Street, Building_number, installing_possibilities_installing_possibilities_id, installing_possibilities_installing_possibilitiy_id, installing_possibilities_installing_possibility_id) VALUES (39, 630091, 'Новосибирск', 'Центральный район', 'Трудовая', 37, null, null, null);
INSERT INTO bd_gts.address (Address_ID, Zip_code, City, Region, Street, Building_number, installing_possibilities_installing_possibilities_id, installing_possibilities_installing_possibilitiy_id, installing_possibilities_installing_possibility_id) VALUES (40, 630091, 'Новосибирск', 'Центральный район', 'Трудовая', 38, null, null, null);
INSERT INTO bd_gts.address (Address_ID, Zip_code, City, Region, Street, Building_number, installing_possibilities_installing_possibilities_id, installing_possibilities_installing_possibilitiy_id, installing_possibilities_installing_possibility_id) VALUES (41, 630091, 'Новосибирск', 'Центральный район', 'Трудовая', 39, null, null, null);
INSERT INTO bd_gts.address (Address_ID, Zip_code, City, Region, Street, Building_number, installing_possibilities_installing_possibilities_id, installing_possibilities_installing_possibilitiy_id, installing_possibilities_installing_possibility_id) VALUES (42, 630091, 'Новосибирск', 'Центральный район', 'Трудовая', 40, null, null, null);
INSERT INTO bd_gts.address (Address_ID, Zip_code, City, Region, Street, Building_number, installing_possibilities_installing_possibilities_id, installing_possibilities_installing_possibilitiy_id, installing_possibilities_installing_possibility_id) VALUES (43, 630091, 'Новосибирск', 'Центральный район', 'Трудовая', 41, null, null, null);
INSERT INTO bd_gts.address (Address_ID, Zip_code, City, Region, Street, Building_number, installing_possibilities_installing_possibilities_id, installing_possibilities_installing_possibilitiy_id, installing_possibilities_installing_possibility_id) VALUES (44, 630091, 'Новосибирск', 'Центральный район', 'Трудовая', 42, null, null, null);
INSERT INTO bd_gts.address (Address_ID, Zip_code, City, Region, Street, Building_number, installing_possibilities_installing_possibilities_id, installing_possibilities_installing_possibilitiy_id, installing_possibilities_installing_possibility_id) VALUES (45, 630091, 'Новосибирск', 'Центральный район', 'Романова', 35, null, null, null);
INSERT INTO bd_gts.address (Address_ID, Zip_code, City, Region, Street, Building_number, installing_possibilities_installing_possibilities_id, installing_possibilities_installing_possibilitiy_id, installing_possibilities_installing_possibility_id) VALUES (46, 630091, 'Новосибирск', 'Центральный район', 'Романова', 36, null, null, null);
INSERT INTO bd_gts.address (Address_ID, Zip_code, City, Region, Street, Building_number, installing_possibilities_installing_possibilities_id, installing_possibilities_installing_possibilitiy_id, installing_possibilities_installing_possibility_id) VALUES (47, 630091, 'Новосибирск', 'Центральный район', 'Романова', 37, null, null, null);
INSERT INTO bd_gts.address (Address_ID, Zip_code, City, Region, Street, Building_number, installing_possibilities_installing_possibilities_id, installing_possibilities_installing_possibilitiy_id, installing_possibilities_installing_possibility_id) VALUES (48, 630091, 'Новосибирск', 'Центральный район', 'Романова', 38, null, null, null);
INSERT INTO bd_gts.address (Address_ID, Zip_code, City, Region, Street, Building_number, installing_possibilities_installing_possibilities_id, installing_possibilities_installing_possibilitiy_id, installing_possibilities_installing_possibility_id) VALUES (49, 630091, 'Новосибирск', 'Центральный район', 'Романова', 39, null, null, null);
INSERT INTO bd_gts.address (Address_ID, Zip_code, City, Region, Street, Building_number, installing_possibilities_installing_possibilities_id, installing_possibilities_installing_possibilitiy_id, installing_possibilities_installing_possibility_id) VALUES (50, 630091, 'Новосибирск', 'Центральный район', 'Романова', 40, null, null, null);
INSERT INTO bd_gts.address (Address_ID, Zip_code, City, Region, Street, Building_number, installing_possibilities_installing_possibilities_id, installing_possibilities_installing_possibilitiy_id, installing_possibilities_installing_possibility_id) VALUES (51, 630091, 'Новосибирск', 'Центральный район', 'Романова', 41, null, null, null);

INSERT INTO bd_gts.phones (Phone_ID, Phone_number_ID, Phone_type_ID, Caller_ID, Address_ID, Apartment_number, long_distance_calls_long_distance_call_id, distance_calls_long_distance_call_id) VALUES (1, 1, 1, 1, 5, 3, null, null);
INSERT INTO bd_gts.phones (Phone_ID, Phone_number_ID, Phone_type_ID, Caller_ID, Address_ID, Apartment_number, long_distance_calls_long_distance_call_id, distance_calls_long_distance_call_id) VALUES (2, 2, 1, 2, 10, 86, null, null);
INSERT INTO bd_gts.phones (Phone_ID, Phone_number_ID, Phone_type_ID, Caller_ID, Address_ID, Apartment_number, long_distance_calls_long_distance_call_id, distance_calls_long_distance_call_id) VALUES (3, 3, 1, 3, 21, 16, null, null);
INSERT INTO bd_gts.phones (Phone_ID, Phone_number_ID, Phone_type_ID, Caller_ID, Address_ID, Apartment_number, long_distance_calls_long_distance_call_id, distance_calls_long_distance_call_id) VALUES (4, 4, 1, 4, 25, 1, null, null);
INSERT INTO bd_gts.phones (Phone_ID, Phone_number_ID, Phone_type_ID, Caller_ID, Address_ID, Apartment_number, long_distance_calls_long_distance_call_id, distance_calls_long_distance_call_id) VALUES (5, 5, 1, 5, 38, 13, null, null);
INSERT INTO bd_gts.phones (Phone_ID, Phone_number_ID, Phone_type_ID, Caller_ID, Address_ID, Apartment_number, long_distance_calls_long_distance_call_id, distance_calls_long_distance_call_id) VALUES (6, 11, 2, 1, 5, 3, null, null);
INSERT INTO bd_gts.phones (Phone_ID, Phone_number_ID, Phone_type_ID, Caller_ID, Address_ID, Apartment_number, long_distance_calls_long_distance_call_id, distance_calls_long_distance_call_id) VALUES (7, 11, 2, 2, 5, 3, null, null);
INSERT INTO bd_gts.phones (Phone_ID, Phone_number_ID, Phone_type_ID, Caller_ID, Address_ID, Apartment_number, long_distance_calls_long_distance_call_id, distance_calls_long_distance_call_id) VALUES (8, 12, 2, 3, 25, 1, null, null);
INSERT INTO bd_gts.phones (Phone_ID, Phone_number_ID, Phone_type_ID, Caller_ID, Address_ID, Apartment_number, long_distance_calls_long_distance_call_id, distance_calls_long_distance_call_id) VALUES (9, 12, 2, 4, 25, 1, null, null);
INSERT INTO bd_gts.phones (Phone_ID, Phone_number_ID, Phone_type_ID, Caller_ID, Address_ID, Apartment_number, long_distance_calls_long_distance_call_id, distance_calls_long_distance_call_id) VALUES (10, 13, 3, 2, 21, 16, null, null);
INSERT INTO bd_gts.phones (Phone_ID, Phone_number_ID, Phone_type_ID, Caller_ID, Address_ID, Apartment_number, long_distance_calls_long_distance_call_id, distance_calls_long_distance_call_id) VALUES (11, 14, 3, 3, 21, 17, null, null);
INSERT INTO bd_gts.phones (Phone_ID, Phone_number_ID, Phone_type_ID, Caller_ID, Address_ID, Apartment_number, long_distance_calls_long_distance_call_id, distance_calls_long_distance_call_id) VALUES (12, 15, 3, 4, 38, 14, null, null);
INSERT INTO bd_gts.phones (Phone_ID, Phone_number_ID, Phone_type_ID, Caller_ID, Address_ID, Apartment_number, long_distance_calls_long_distance_call_id, distance_calls_long_distance_call_id) VALUES (13, 16, 3, 5, 38, 13, null, null);

INSERT INTO bd_gts.balances (Caller_ID, Long_distance_calls_debt, Subscription_debt, Penalty_interest, LONG_DIST_DEBT_DATE, SUBSCRIPTION_DEBT_DATE, balance_id) VALUES (1, 100.00, 0.00, 0.00, '2021-01-15', null, 1);
INSERT INTO bd_gts.balances (Caller_ID, Long_distance_calls_debt, Subscription_debt, Penalty_interest, LONG_DIST_DEBT_DATE, SUBSCRIPTION_DEBT_DATE, balance_id) VALUES (2, 0.00, 321.00, 302.00, null, '2021-02-18', 2);
INSERT INTO bd_gts.balances (Caller_ID, Long_distance_calls_debt, Subscription_debt, Penalty_interest, LONG_DIST_DEBT_DATE, SUBSCRIPTION_DEBT_DATE, balance_id) VALUES (3, 0.00, 0.00, 319.00, null, null, 3);
INSERT INTO bd_gts.balances (Caller_ID, Long_distance_calls_debt, Subscription_debt, Penalty_interest, LONG_DIST_DEBT_DATE, SUBSCRIPTION_DEBT_DATE, balance_id) VALUES (4, 0.00, 283.00, 0.00, null, '2021-03-24', 4);
INSERT INTO bd_gts.balances (Caller_ID, Long_distance_calls_debt, Subscription_debt, Penalty_interest, LONG_DIST_DEBT_DATE, SUBSCRIPTION_DEBT_DATE, balance_id) VALUES (5, 0.00, 329.00, 1239.00, null, '2021-02-21', 5);
INSERT INTO bd_gts.balances (Caller_ID, Long_distance_calls_debt, Subscription_debt, Penalty_interest, LONG_DIST_DEBT_DATE, SUBSCRIPTION_DEBT_DATE, balance_id) VALUES (6, 530.00, 0.00, 0.00, '2021-05-17', null, 6);
INSERT INTO bd_gts.balances (Caller_ID, Long_distance_calls_debt, Subscription_debt, Penalty_interest, LONG_DIST_DEBT_DATE, SUBSCRIPTION_DEBT_DATE, balance_id) VALUES (7, 0.00, 93.00, 1500.00, null, '2021-08-25', 7);
INSERT INTO bd_gts.balances (Caller_ID, Long_distance_calls_debt, Subscription_debt, Penalty_interest, LONG_DIST_DEBT_DATE, SUBSCRIPTION_DEBT_DATE, balance_id) VALUES (8, 0.00, 0.00, 0.00, null, null, 8);
INSERT INTO bd_gts.balances (Caller_ID, Long_distance_calls_debt, Subscription_debt, Penalty_interest, LONG_DIST_DEBT_DATE, SUBSCRIPTION_DEBT_DATE, balance_id) VALUES (9, 120.00, 0.00, 230.00, '2021-04-13', null, 9);
INSERT INTO bd_gts.balances (Caller_ID, Long_distance_calls_debt, Subscription_debt, Penalty_interest, LONG_DIST_DEBT_DATE, SUBSCRIPTION_DEBT_DATE, balance_id) VALUES (10, 0.00, 293.00, 0.00, null, '2021-06-17', 10);

INSERT INTO bd_gts.public_phones (Public_phone_ID, Address_ID, Telephone_exchange_ID) VALUES (8, 5, 1);
INSERT INTO bd_gts.public_phones (Public_phone_ID, Address_ID, Telephone_exchange_ID) VALUES (9, 6, 1);
INSERT INTO bd_gts.public_phones (Public_phone_ID, Address_ID, Telephone_exchange_ID) VALUES (1, 10, 1);
INSERT INTO bd_gts.public_phones (Public_phone_ID, Address_ID, Telephone_exchange_ID) VALUES (2, 20, 1);
INSERT INTO bd_gts.public_phones (Public_phone_ID, Address_ID, Telephone_exchange_ID) VALUES (6, 21, 1);
INSERT INTO bd_gts.public_phones (Public_phone_ID, Address_ID, Telephone_exchange_ID) VALUES (11, 22, 2);
INSERT INTO bd_gts.public_phones (Public_phone_ID, Address_ID, Telephone_exchange_ID) VALUES (12, 23, 2);
INSERT INTO bd_gts.public_phones (Public_phone_ID, Address_ID, Telephone_exchange_ID) VALUES (13, 24, 2);
INSERT INTO bd_gts.public_phones (Public_phone_ID, Address_ID, Telephone_exchange_ID) VALUES (4, 30, 1);
INSERT INTO bd_gts.public_phones (Public_phone_ID, Address_ID, Telephone_exchange_ID) VALUES (5, 35, 1);
INSERT INTO bd_gts.public_phones (Public_phone_ID, Address_ID, Telephone_exchange_ID) VALUES (3, 40, 1);
INSERT INTO bd_gts.public_phones (Public_phone_ID, Address_ID, Telephone_exchange_ID) VALUES (10, 50, 1);

INSERT INTO bd_gts.long_distance_calls (Long_distance_call_ID, Source_phone_ID, Destination_phone_ID, Start_date, End_date, Call_price) VALUES (1, 1, 10, '2021-01-01 12:12:12', '2021-01-01 12:22:12', 30.00);
INSERT INTO bd_gts.long_distance_calls (Long_distance_call_ID, Source_phone_ID, Destination_phone_ID, Start_date, End_date, Call_price) VALUES (2, 2, 9, '2021-02-01 13:12:12', '2021-02-01 13:13:12', 3.00);
INSERT INTO bd_gts.long_distance_calls (Long_distance_call_ID, Source_phone_ID, Destination_phone_ID, Start_date, End_date, Call_price) VALUES (3, 3, 4, '2021-01-02 14:12:12', '2021-01-02 12:32:12', 60.00);
INSERT INTO bd_gts.long_distance_calls (Long_distance_call_ID, Source_phone_ID, Destination_phone_ID, Start_date, End_date, Call_price) VALUES (4, 4, 13, '2021-02-11 12:12:12', '2021-02-11 12:41:12', 87.00);
INSERT INTO bd_gts.long_distance_calls (Long_distance_call_ID, Source_phone_ID, Destination_phone_ID, Start_date, End_date, Call_price) VALUES (5, 5, 11, '2021-01-30 15:12:12', '2021-01-30 15:32:12', 60.00);
INSERT INTO bd_gts.long_distance_calls (Long_distance_call_ID, Source_phone_ID, Destination_phone_ID, Start_date, End_date, Call_price) VALUES (6, 6, 13, '2021-01-06 12:12:12', '2021-01-06 12:22:12', 30.00);
INSERT INTO bd_gts.long_distance_calls (Long_distance_call_ID, Source_phone_ID, Destination_phone_ID, Start_date, End_date, Call_price) VALUES (7, 7, 9, '2021-03-01 18:12:12', '2021-03-01 18:18:12', 18.00);
INSERT INTO bd_gts.long_distance_calls (Long_distance_call_ID, Source_phone_ID, Destination_phone_ID, Start_date, End_date, Call_price) VALUES (8, 8, 5, '2021-04-01 12:12:12', '2021-04-01 12:15:12', 9.00);
INSERT INTO bd_gts.long_distance_calls (Long_distance_call_ID, Source_phone_ID, Destination_phone_ID, Start_date, End_date, Call_price) VALUES (9, 9, 7, '2021-01-07 11:06:12', '2021-01-07 11:12:12', 3.00);
INSERT INTO bd_gts.long_distance_calls (Long_distance_call_ID, Source_phone_ID, Destination_phone_ID, Start_date, End_date, Call_price) VALUES (10, 10, 6, '2021-05-01 10:12:12', '2021-05-01 10:52:12', 120.00);

INSERT INTO bd_gts.connection_requests (Connection_request_ID, Telephone_exchange_ID, Address_ID, Apartment_number, Client_ID, Request_date) VALUES (2, 2, 2, 89, 2, '2021-01-02');
INSERT INTO bd_gts.connection_requests (Connection_request_ID, Telephone_exchange_ID, Address_ID, Apartment_number, Client_ID, Request_date) VALUES (3, 2, 3, 90, 3, '2021-01-03');
INSERT INTO bd_gts.connection_requests (Connection_request_ID, Telephone_exchange_ID, Address_ID, Apartment_number, Client_ID, Request_date) VALUES (4, 2, 4, 91, 4, '2021-01-04');
INSERT INTO bd_gts.connection_requests (Connection_request_ID, Telephone_exchange_ID, Address_ID, Apartment_number, Client_ID, Request_date) VALUES (5, 2, 5, 1, 5, '2021-01-05');
INSERT INTO bd_gts.connection_requests (Connection_request_ID, Telephone_exchange_ID, Address_ID, Apartment_number, Client_ID, Request_date) VALUES (6, 2, 6, 2, 6, '2021-01-06');
INSERT INTO bd_gts.connection_requests (Connection_request_ID, Telephone_exchange_ID, Address_ID, Apartment_number, Client_ID, Request_date) VALUES (7, 2, 7, 3, 7, '2021-01-07');
INSERT INTO bd_gts.connection_requests (Connection_request_ID, Telephone_exchange_ID, Address_ID, Apartment_number, Client_ID, Request_date) VALUES (8, 2, 8, 4, 8, '2021-01-01');
INSERT INTO bd_gts.connection_requests (Connection_request_ID, Telephone_exchange_ID, Address_ID, Apartment_number, Client_ID, Request_date) VALUES (9, 2, 9, 5, 9, '2021-01-08');
INSERT INTO bd_gts.connection_requests (Connection_request_ID, Telephone_exchange_ID, Address_ID, Apartment_number, Client_ID, Request_date) VALUES (10, 2, 10, 6, 10, '2021-01-09');

INSERT INTO bd_gts.installing_possibilities (INSTALLING_POSSIBILITY_ID, ADDRESS_ID, TELEPHONE_EXCHANGE_ID) VALUES (2, 2, 1);
INSERT INTO bd_gts.installing_possibilities (INSTALLING_POSSIBILITY_ID, ADDRESS_ID, TELEPHONE_EXCHANGE_ID) VALUES (3, 3, 1);
INSERT INTO bd_gts.installing_possibilities (INSTALLING_POSSIBILITY_ID, ADDRESS_ID, TELEPHONE_EXCHANGE_ID) VALUES (4, 4, 1);
INSERT INTO bd_gts.installing_possibilities (INSTALLING_POSSIBILITY_ID, ADDRESS_ID, TELEPHONE_EXCHANGE_ID) VALUES (5, 5, 1);
INSERT INTO bd_gts.installing_possibilities (INSTALLING_POSSIBILITY_ID, ADDRESS_ID, TELEPHONE_EXCHANGE_ID) VALUES (6, 6, 1);
INSERT INTO bd_gts.installing_possibilities (INSTALLING_POSSIBILITY_ID, ADDRESS_ID, TELEPHONE_EXCHANGE_ID) VALUES (7, 7, 1);
INSERT INTO bd_gts.installing_possibilities (INSTALLING_POSSIBILITY_ID, ADDRESS_ID, TELEPHONE_EXCHANGE_ID) VALUES (8, 8, 1);
INSERT INTO bd_gts.installing_possibilities (INSTALLING_POSSIBILITY_ID, ADDRESS_ID, TELEPHONE_EXCHANGE_ID) VALUES (9, 9, 1);
INSERT INTO bd_gts.installing_possibilities (INSTALLING_POSSIBILITY_ID, ADDRESS_ID, TELEPHONE_EXCHANGE_ID) VALUES (10, 10, 1);
INSERT INTO bd_gts.installing_possibilities (INSTALLING_POSSIBILITY_ID, ADDRESS_ID, TELEPHONE_EXCHANGE_ID) VALUES (11, 11, 1);
INSERT INTO bd_gts.installing_possibilities (INSTALLING_POSSIBILITY_ID, ADDRESS_ID, TELEPHONE_EXCHANGE_ID) VALUES (12, 12, 1);
INSERT INTO bd_gts.installing_possibilities (INSTALLING_POSSIBILITY_ID, ADDRESS_ID, TELEPHONE_EXCHANGE_ID) VALUES (13, 13, 1);
INSERT INTO bd_gts.installing_possibilities (INSTALLING_POSSIBILITY_ID, ADDRESS_ID, TELEPHONE_EXCHANGE_ID) VALUES (14, 21, 1);
INSERT INTO bd_gts.installing_possibilities (INSTALLING_POSSIBILITY_ID, ADDRESS_ID, TELEPHONE_EXCHANGE_ID) VALUES (15, 22, 1);
INSERT INTO bd_gts.installing_possibilities (INSTALLING_POSSIBILITY_ID, ADDRESS_ID, TELEPHONE_EXCHANGE_ID) VALUES (16, 23, 1);
INSERT INTO bd_gts.installing_possibilities (INSTALLING_POSSIBILITY_ID, ADDRESS_ID, TELEPHONE_EXCHANGE_ID) VALUES (17, 24, 1);
INSERT INTO bd_gts.installing_possibilities (INSTALLING_POSSIBILITY_ID, ADDRESS_ID, TELEPHONE_EXCHANGE_ID) VALUES (18, 25, 1);
INSERT INTO bd_gts.installing_possibilities (INSTALLING_POSSIBILITY_ID, ADDRESS_ID, TELEPHONE_EXCHANGE_ID) VALUES (19, 35, 1);
INSERT INTO bd_gts.installing_possibilities (INSTALLING_POSSIBILITY_ID, ADDRESS_ID, TELEPHONE_EXCHANGE_ID) VALUES (20, 36, 1);
INSERT INTO bd_gts.installing_possibilities (INSTALLING_POSSIBILITY_ID, ADDRESS_ID, TELEPHONE_EXCHANGE_ID) VALUES (21, 37, 1);
INSERT INTO bd_gts.installing_possibilities (INSTALLING_POSSIBILITY_ID, ADDRESS_ID, TELEPHONE_EXCHANGE_ID) VALUES (22, 38, 1);
INSERT INTO bd_gts.installing_possibilities (INSTALLING_POSSIBILITY_ID, ADDRESS_ID, TELEPHONE_EXCHANGE_ID) VALUES (23, 39, 1);
